{
  "cpu": 37.32421159744263,
  "cuda": 7.980702638626099
}