,hif2a,pfkfb3,eg5,cdk8,shp2,syk,cmet,tnks2,avg
0,0.2296716848596606,0.24803001876172615,-0.09647811428094778,0.07504838288473675,0.3915384615384615,-0.09296588758844528,-0.24907496812922242,0.294611513125629,0.10272735761887894
