,hif2a,pfkfb3,eg5,cdk8,shp2,syk,cmet,tnks2,avg
0,0.22390663325685917,0.26191369606003756,-0.19816385404865125,0.1303295577775116,0.5207692307692308,0.12672681264899516,-0.04789903233254277,0.18592581501917935,0.156268230752124
