,hif2a,pfkfb3,eg5,cdk8,shp2,syk,cmet,tnks2,avg
0,0.33188767434959504,0.3834138566064217,-0.0306975818166652,0.24022183271587613,0.48307692307692307,0.05184140998137604,-0.18201632286366254,0.14379484215769042,0.19093398814194112
