,hif2a,pfkfb3,eg5,cdk8,shp2,syk,cmet,tnks2,avg
0,0.42219614265087707,0.4829268292682927,-0.18007420762097356,0.2613291904022083,0.6007692307692307,0.2534536252979903,-0.07446122298968012,-0.0061059380958679585,0.2465793050720751
